features,business analyst,data analyst,data engineer,data scientist,abs business analyst,abs data analyst,abs data engineer,abs data scientist
00,-0.04834082156741495,0.0733656917268842,0.006808231460154439,-0.03183310161962213,0.04834082156741495,0.0733656917268842,0.006808231460154439,0.03183310161962213
000,0.017498409410189254,-0.041136854078478134,-0.07603552526262827,0.09967396993092371,0.017498409410189254,0.041136854078478134,0.07603552526262827,0.09967396993092371
12,0.031607617025596065,-0.1317450059916106,-0.0078063805014315065,0.1079437694674488,0.031607617025596065,0.1317450059916106,0.0078063805014315065,0.1079437694674488
2020,-0.19601440111053992,0.22340249757662597,-0.10847493379788728,0.08108683733180559,0.19601440111053992,0.22340249757662597,0.10847493379788728,0.08108683733180559
ability,-0.10029401107198385,-0.060248693924354654,0.037967080150055836,0.1225756248463013,0.10029401107198385,0.060248693924354654,0.037967080150055836,0.1225756248463013
ability work,-0.13785946553475154,0.10920531743909613,-0.007518741145580251,0.03617288924123889,0.13785946553475154,0.10920531743909613,0.007518741145580251,0.03617288924123889
able,-0.15295498353015838,-0.14533620577143724,0.1305063615881863,0.16778482771342051,0.15295498353015838,0.14533620577143724,0.1305063615881863,0.16778482771342051
access,-0.06417778433544077,0.02581295619229215,0.05754456245318822,-0.019179734310039998,0.06417778433544077,0.02581295619229215,0.05754456245318822,0.019179734310039998
achieve,0.018207209978686818,-0.001031683172727057,-0.010449923488837802,-0.006725603317123282,0.018207209978686818,0.001031683172727057,0.010449923488837802,0.006725603317123282
activities,-0.16385826193970254,0.15962555433465267,0.02111157484899569,-0.016878867243942282,0.16385826193970254,0.15962555433465267,0.02111157484899569,0.016878867243942282
additional,0.02423082914148807,-0.056643285801162034,-0.021974040235661785,0.05438649689533581,0.02423082914148807,0.056643285801162034,0.021974040235661785,0.05438649689533581
advanced,-0.06039614982094358,0.12793019807033654,2.866619679696994e-05,-0.06756271444619151,0.06039614982094358,0.12793019807033654,2.866619679696994e-05,0.06756271444619151
age,0.029972634372852757,-0.006234302567758404,-0.015459486581300926,-0.00827884522379257,0.029972634372852757,0.006234302567758404,0.015459486581300926,0.00827884522379257
agile,0.10007049110496025,-0.012903916306753853,-0.013742891784520409,-0.07342368301368202,0.10007049110496025,0.012903916306753853,0.013742891784520409,0.07342368301368202
analyse,0.09870297708360197,0.06715903005205812,-0.08358726759681123,-0.08227473953884697,0.09870297708360197,0.06715903005205812,0.08358726759681123,0.08227473953884697
analysing,-0.007487288785955812,0.046769397052630446,-0.022537791700181477,-0.01674431656649326,0.007487288785955812,0.046769397052630446,0.022537791700181477,0.01674431656649326
analysis,0.017609370443786545,0.009181370632909493,-0.20869189219110104,0.1819011511144129,0.017609370443786545,0.009181370632909493,0.20869189219110104,0.1819011511144129
analyst,0.10139863224220488,0.3325283902231954,-0.22872566430631466,-0.20520135815906876,0.10139863224220488,0.3325283902231954,0.22872566430631466,0.20520135815906876
analysts,-0.017364653303833442,0.004249730786040986,0.020568743990290135,-0.007453821472497547,0.017364653303833442,0.004249730786040986,0.020568743990290135,0.007453821472497547
analytical,0.02028005463311235,0.19891484839684478,-0.17870970257673247,-0.040485200453221015,0.02028005463311235,0.19891484839684478,0.17870970257673247,0.040485200453221015
analytics,-0.26494759793884054,0.34076315788155237,-0.23031165908190382,0.1544960991391976,0.26494759793884054,0.34076315788155237,0.23031165908190382,0.1544960991391976
annual,0.042202534484700016,-0.018735317054234688,-0.0019490425820295558,-0.021518174848435146,0.042202534484700016,0.018735317054234688,0.0019490425820295558,0.021518174848435146
applicants,-0.06511424997168024,0.033211774121721924,-0.09824760617214155,0.1301500820221012,0.06511424997168024,0.033211774121721924,0.09824760617214155,0.1301500820221012
application,-0.08193027477082299,-0.007823102122362128,0.0929838507911402,-0.0032304738979507088,0.08193027477082299,0.007823102122362128,0.0929838507911402,0.0032304738979507088
applications,-0.07757201667802802,0.014126660706693007,0.042526676276188634,0.0209186796951515,0.07757201667802802,0.014126660706693007,0.042526676276188634,0.0209186796951515
apply,0.020443128576599377,-0.008488113112143888,-0.024281534949637366,0.012326519485184944,0.020443128576599377,0.008488113112143888,0.024281534949637366,0.012326519485184944
approach,-0.04176956748446873,-0.13196890934439717,0.09365126584677522,0.08008721098209587,0.04176956748446873,0.13196890934439717,0.09365126584677522,0.08008721098209587
approaches,-0.0720158266538259,-0.001607730839217547,0.00020483768176134958,0.07341871981128227,0.0720158266538259,0.001607730839217547,0.00020483768176134958,0.07341871981128227
architecture,-0.13378545562124142,0.19618524309793475,-0.04173697997290044,-0.020662807503792027,0.13378545562124142,0.19618524309793475,0.04173697997290044,0.020662807503792027
areas,0.008511537620756153,-0.11017453712998683,-0.0915224104773167,0.1931854099865514,0.008511537620756153,0.11017453712998683,0.0915224104773167,0.1931854099865514
asset,-0.024795475352527806,0.01427272389465923,-0.005732459342755226,0.01625521080062368,0.024795475352527806,0.01427272389465923,0.005732459342755226,0.01625521080062368
assist,-0.048294393844055095,0.18717684859595968,-0.09860372783287172,-0.04027872691903067,0.048294393844055095,0.18717684859595968,0.09860372783287172,0.04027872691903067
assistance,-0.01708818267019639,0.04919905085671708,0.027247566711677145,-0.05935843489819805,0.01708818267019639,0.04919905085671708,0.027247566711677145,0.05935843489819805
au,0.04825302735565451,0.013525446782909404,-0.05778028766784474,-0.003998186470717235,0.04825302735565451,0.013525446782909404,0.05778028766784474,0.003998186470717235
australia,0.003233257310474949,-0.07076050423725531,-0.13392670442185245,0.2014539513486411,0.003233257310474949,0.07076050423725531,0.13392670442185245,0.2014539513486411
australian,0.028809742126984565,-0.13743426426249417,-0.010279477284613415,0.11890399942012148,0.028809742126984565,0.13743426426249417,0.010279477284613415,0.11890399942012148
automation,-0.028372632001494383,-0.05622740510930437,0.14495032957902385,-0.060350292468222135,0.028372632001494383,0.05622740510930437,0.14495032957902385,0.060350292468222135
available,0.010342606661982614,-0.04933671045705167,0.023409453949586993,0.015584649845482147,0.010342606661982614,0.04933671045705167,0.023409453949586993,0.015584649845482147
aws,-0.1728352404297372,-0.13638363141942125,0.24739168185658106,0.06182718999258373,0.1728352404297372,0.13638363141942125,0.24739168185658106,0.06182718999258373
azure,-0.04848057142119388,0.001002984698404192,0.0267125050409757,0.02076508168181478,0.04848057142119388,0.001002984698404192,0.0267125050409757,0.02076508168181478
background,-0.044312795651995286,-0.01339810155408047,0.02474202213152368,0.03296887507455377,0.044312795651995286,0.01339810155408047,0.02474202213152368,0.03296887507455377
balance,0.0745355166623416,-0.03722271820415049,-0.035164380586600714,-0.0021484178715895424,0.0745355166623416,0.03722271820415049,0.035164380586600714,0.0021484178715895424
banking,-0.023895877886043485,0.08120015671279396,-0.014691858004295486,-0.04261242082245104,0.023895877886043485,0.08120015671279396,0.014691858004295486,0.04261242082245104
based,0.26463125956677297,-0.18861502105831035,-0.004139084376767634,-0.07187715413169356,0.26463125956677297,0.18861502105831035,0.004139084376767634,0.07187715413169356
basis,-0.08876737859255537,0.05239470731502978,-0.028656653236937432,0.06502932451446361,0.08876737859255537,0.05239470731502978,0.028656653236937432,0.06502932451446361
believe,-0.041112794450730364,-0.061738847940619734,0.11308985360852752,-0.01023821121717638,0.041112794450730364,0.061738847940619734,0.11308985360852752,0.01023821121717638
benefits,0.016585863828556403,-0.024618848219527836,0.032275047499139765,-0.024242063108165016,0.016585863828556403,0.024618848219527836,0.032275047499139765,0.024242063108165016
best,-0.19942350683924873,0.25501615041173903,-0.03301916467102135,-0.022573478901457646,0.19942350683924873,0.25501615041173903,0.03301916467102135,0.022573478901457646
better,0.016889308667746426,0.014454878813541605,0.0023955872958307976,-0.03373977477711651,0.016889308667746426,0.014454878813541605,0.0023955872958307976,0.03373977477711651
bi,0.14118483027543202,0.04541777154737227,-0.09198750018372916,-0.09461510163907394,0.14118483027543202,0.04541777154737227,0.09198750018372916,0.09461510163907394
big,-0.04062219224558362,-0.09097771418793761,0.03326900211655664,0.09833090431696655,0.04062219224558362,0.09097771418793761,0.03326900211655664,0.09833090431696655
big data,-0.049139902695937404,-0.10153031486870934,0.04120880655400482,0.10946141101064354,0.049139902695937404,0.10153031486870934,0.04120880655400482,0.10946141101064354
bring,0.0575392150452882,0.010609774731926754,-0.02161663667976307,-0.046532353097448284,0.0575392150452882,0.010609774731926754,0.02161663667976307,0.046532353097448284
build,0.007019436500622403,0.16360050038614815,-0.139550508887936,-0.031069427998829346,0.007019436500622403,0.16360050038614815,0.139550508887936,0.031069427998829346
building,0.2341653006888482,-0.1612554067148659,0.041073964760212786,-0.1139838587341967,0.2341653006888482,0.1612554067148659,0.041073964760212786,0.1139838587341967
business,0.7042191809145535,-0.18236215608733136,-0.37131489207874463,-0.1505421327484411,0.7042191809145535,0.18236215608733136,0.37131489207874463,0.1505421327484411
business analysis,-0.01438575895773286,0.025728105877292486,0.0026277004900127758,-0.013970047409570807,0.01438575895773286,0.025728105877292486,0.0026277004900127758,0.013970047409570807
business analyst,0.31126861775675696,-0.12313957684494636,-0.09578319510721456,-0.09234584580457973,0.31126861775675696,0.12313957684494636,0.09578319510721456,0.09234584580457973
business intelligence,0.19676798461778014,-0.10400893350798933,-0.08723253539767398,-0.005526515712115864,0.19676798461778014,0.10400893350798933,0.08723253539767398,0.005526515712115864
business processes,0.10228067388777422,0.01247714777649193,-0.034614242583270824,-0.08014357908099277,0.10228067388777422,0.01247714777649193,0.034614242583270824,0.08014357908099277
business requirements,0.02764897994429521,0.008265849790965753,0.01120126361279025,-0.04711609334804972,0.02764897994429521,0.008265849790965753,0.01120126361279025,0.04711609334804972
businesses,0.05094828579185973,-0.0351473327037149,-0.03236721949160501,0.016566266403464563,0.05094828579185973,0.0351473327037149,0.03236721949160501,0.016566266403464563
candidate,-0.09599380639892674,-0.19219450272487368,0.14514865735747104,0.14303965176633204,0.09599380639892674,0.19219450272487368,0.14514865735747104,0.14303965176633204
candidates,0.006033709940406578,-0.08690961400427658,0.014360182724825173,0.06651572133904489,0.006033709940406578,0.08690961400427658,0.014360182724825173,0.06651572133904489
capabilities,0.029301913060343552,0.040837392291239505,0.010974524042860962,-0.08111382939444446,0.029301913060343552,0.040837392291239505,0.010974524042860962,0.08111382939444446
capability,-0.0898210630675865,0.09600344822346926,0.00942723540928231,-0.015609620565165199,0.0898210630675865,0.09600344822346926,0.00942723540928231,0.015609620565165199
career,-0.031956778961252826,0.013942703919383794,0.026772442914302825,-0.008758367872428301,0.031956778961252826,0.013942703919383794,0.026772442914302825,0.008758367872428301
careers,-0.1373497823095559,0.12210959365468871,-0.03281534396691845,0.048055532621788424,0.1373497823095559,0.12210959365468871,0.03281534396691845,0.048055532621788424
challenge,0.05559976307347904,-0.029281237658970064,-0.03002674998024871,0.003708224565741315,0.05559976307347904,0.029281237658970064,0.03002674998024871,0.003708224565741315
challenges,-0.052012012109437095,0.08649431745435325,-0.05854405815887974,0.02406175281396611,0.052012012109437095,0.08649431745435325,0.05854405815887974,0.02406175281396611
challenging,0.06745717976663523,-0.016442450109254936,-0.031224179412596705,-0.019790550244782667,0.06745717976663523,0.016442450109254936,0.031224179412596705,0.019790550244782667
change,0.06880586080384926,-0.07046321651263737,0.005047587967202105,-0.0033902322584081295,0.06880586080384926,0.07046321651263737,0.005047587967202105,0.0033902322584081295
clear,0.037119345945509044,-0.0664043559789432,0.05454554381979869,-0.025260533786363174,0.037119345945509044,0.0664043559789432,0.05454554381979869,0.025260533786363174
client,-0.15503249767746893,0.13885045588271303,-0.016524529231315647,0.032706571026075826,0.15503249767746893,0.13885045588271303,0.016524529231315647,0.032706571026075826
clients,0.150731975515213,-0.014930092097698739,-0.07860281014841529,-0.05719907326909037,0.150731975515213,0.014930092097698739,0.07860281014841529,0.05719907326909037
close,0.01625691278325793,0.052581663660080796,-0.07913310468291694,0.01029452823957917,0.01625691278325793,0.052581663660080796,0.07913310468291694,0.01029452823957917
closely,-0.03147240483405225,0.05142151479022243,0.024362372987421412,-0.04431148294358554,0.03147240483405225,0.05142151479022243,0.024362372987421412,0.04431148294358554
cloud,-0.12031325877533527,-0.13614327325723038,0.3309445011924752,-0.07448796915990585,0.12031325877533527,0.13614327325723038,0.3309445011924752,0.07448796915990585
collaborate,-0.01866387378350555,0.06386756860787955,-0.02101054075353639,-0.024193154070837664,0.01866387378350555,0.06386756860787955,0.02101054075353639,0.024193154070837664
collaboration,0.022502348658506786,-0.017178799570061017,-0.00983884924605134,0.004515300157609156,0.022502348658506786,0.017178799570061017,0.00983884924605134,0.004515300157609156
collaborative,-0.01567382225667841,-0.04396765518473996,0.05368478071476114,0.0059566967266576915,0.01567382225667841,0.04396765518473996,0.05368478071476114,0.0059566967266576915
com,0.06524897513735296,-0.07120943451509881,0.04454337606414415,-0.03858291668639884,0.06524897513735296,0.07120943451509881,0.04454337606414415,0.03858291668639884
com au,0.06169228832956124,-0.0138862641602119,-0.02369244947148501,-0.02411357469786547,0.06169228832956124,0.0138862641602119,0.02369244947148501,0.02411357469786547
come,0.029770692431725265,-0.04390982079884495,0.039141437085716074,-0.025002308718596676,0.029770692431725265,0.04390982079884495,0.039141437085716074,0.025002308718596676
commercial,0.08950473155099238,0.01249831792524895,0.03222473050242922,-0.13422777997866683,0.08950473155099238,0.01249831792524895,0.03222473050242922,0.13422777997866683
committed,0.11130568708186467,0.05130430076165464,-0.08733471701723822,-0.07527527082627654,0.11130568708186467,0.05130430076165464,0.08733471701723822,0.07527527082627654
communicate,-0.02534963741835573,-0.021409209064112224,-0.04784397920926195,0.09460282569172923,0.02534963741835573,0.021409209064112224,0.04784397920926195,0.09460282569172923
communication,0.2059530050991334,-0.12793870643904098,-0.09373705710502868,0.015722758444943547,0.2059530050991334,0.12793870643904098,0.09373705710502868,0.015722758444943547
communication skills,0.17304985259751413,-0.19101360922355481,-0.04676670374263924,0.0647304603686873,0.17304985259751413,0.19101360922355481,0.04676670374263924,0.0647304603686873
community,-0.00031278742677817543,0.023147600720243362,-0.04189686899226141,0.01906205569879907,0.00031278742677817543,0.023147600720243362,0.04189686899226141,0.01906205569879907
companies,-0.13146262342052525,0.04878833439275617,0.06876452326535691,0.01390976576241445,0.13146262342052525,0.04878833439275617,0.06876452326535691,0.01390976576241445
company,0.07926868193159267,-0.04439539663189611,-0.030652362923424797,-0.004220922376267972,0.07926868193159267,0.04439539663189611,0.030652362923424797,0.004220922376267972
competitive,0.04450525956548266,-0.07732576865662452,0.030651730520973038,0.002168778570170025,0.04450525956548266,0.07732576865662452,0.030651730520973038,0.002168778570170025
complex,-0.031974547609301913,0.03611359239205576,0.05061608651941616,-0.05475513130217039,0.031974547609301913,0.03611359239205576,0.05061608651941616,0.05475513130217039
compliance,-0.09406702731202583,0.09266000721599614,-0.015219231814446265,0.016626251910479117,0.09406702731202583,0.09266000721599614,0.015219231814446265,0.016626251910479117
computer,-0.0874082911189115,0.11991238280340376,-0.0532818783769082,0.020777786692417595,0.0874082911189115,0.11991238280340376,0.0532818783769082,0.020777786692417595
computer science,-0.13931510268881248,0.02365471047604753,0.017440880393243763,0.09821951181952052,0.13931510268881248,0.02365471047604753,0.017440880393243763,0.09821951181952052
concepts,-0.05201159473547943,0.006387888024495166,-0.041371101928449304,0.08699480863943505,0.05201159473547943,0.006387888024495166,0.041371101928449304,0.08699480863943505
considered,0.025206455095711358,-0.09691180668030028,0.03256020511317397,0.03914514647141572,0.025206455095711358,0.09691180668030028,0.03256020511317397,0.03914514647141572
consultant,0.02873962796477182,0.021814901399112553,-0.012452124981766451,-0.03810240438211614,0.02873962796477182,0.021814901399112553,0.012452124981766451,0.03810240438211614
consulting,-0.14687290334441144,0.1205510603187014,-0.024127525351015547,0.05044936837672599,0.14687290334441144,0.1205510603187014,0.024127525351015547,0.05044936837672599
contact,0.06102071910003027,0.08409896581006435,-0.06678942029916077,-0.07833026461093452,0.06102071910003027,0.08409896581006435,0.06678942029916077,0.07833026461093452
continuous,0.03712462471277951,-0.0017751651014286133,0.0134770187429191,-0.048826478354269454,0.03712462471277951,0.0017751651014286133,0.0134770187429191,0.048826478354269454
contract,0.1472195861500157,-0.07627874626270098,-0.02792021019590019,-0.04302062969141591,0.1472195861500157,0.07627874626270098,0.02792021019590019,0.04302062969141591
contribute,0.08134653431172156,-0.0028184801620122486,-0.07223449511200672,-0.006293559037701896,0.08134653431172156,0.0028184801620122486,0.07223449511200672,0.006293559037701896
core,0.012506935100080737,0.025503023072331647,0.009872639970588579,-0.04788259814299855,0.012506935100080737,0.025503023072331647,0.009872639970588579,0.04788259814299855
corporate,-0.01161702226134439,0.015777555861318255,-0.0063401009668543696,0.0021795673668804634,0.01161702226134439,0.015777555861318255,0.0063401009668543696,0.0021795673668804634
cost,0.07894892861807565,-0.08616790306177817,0.012332948343733737,-0.005113973900031572,0.07894892861807565,0.08616790306177817,0.012332948343733737,0.005113973900031572
countries,0.03547227119411238,-0.05869590134288404,0.00478593388392539,0.018437696264848973,0.03547227119411238,0.05869590134288404,0.00478593388392539,0.018437696264848973
create,-0.02075982668918783,0.14103728338339147,-0.04562523773327524,-0.0746522189609261,0.02075982668918783,0.14103728338339147,0.04562523773327524,0.0746522189609261
creating,0.03459214361355318,-0.0261535699328234,-0.022773121851985285,0.0143345481712542,0.03459214361355318,0.0261535699328234,0.022773121851985285,0.0143345481712542
creative,-0.07450752879982704,0.09032593273029514,-0.03368262651583892,0.0178642225853701,0.07450752879982704,0.09032593273029514,0.03368262651583892,0.0178642225853701
critical,0.02754223205724135,-0.010048627560066362,0.036277159214540354,-0.05377076371171465,0.02754223205724135,0.010048627560066362,0.036277159214540354,0.05377076371171465
cross,0.02277593624068522,-0.0024557282041406635,-0.046182155106226655,0.025861947069686055,0.02277593624068522,0.0024557282041406635,0.046182155106226655,0.025861947069686055
culture,0.08196634798323499,0.015500568620190964,-0.032100208074613265,-0.06536670852880934,0.08196634798323499,0.015500568620190964,0.032100208074613265,0.06536670852880934
current,0.0025611260145139373,0.0002132998889618283,-0.06023899708781423,0.057464571184340486,0.0025611260145139373,0.0002132998889618283,0.06023899708781423,0.057464571184340486
currently,0.027170493308076905,-0.05751877523619444,0.010767566978943518,0.019580714949175505,0.027170493308076905,0.05751877523619444,0.010767566978943518,0.019580714949175505
customer,0.12771924640903487,0.042660138112067945,-0.06420012419446208,-0.10617926032663956,0.12771924640903487,0.042660138112067945,0.06420012419446208,0.10617926032663956
customers,-0.04921047048937685,0.09044739084482015,0.07189312426033284,-0.11313004461577385,0.04921047048937685,0.09044739084482015,0.07189312426033284,0.11313004461577385
data,-0.4133162372262578,0.16523367211991,0.22181732289485878,0.02626524221147932,0.4133162372262578,0.16523367211991,0.22181732289485878,0.02626524221147932
data analysis,-0.09897829233014452,0.28897539958568963,-0.15313383450052417,-0.03686327275502285,0.09897829233014452,0.28897539958568963,0.15313383450052417,0.03686327275502285
data analytics,-0.15482257664891647,0.0428263281622618,0.1307884199264272,-0.01879217143977129,0.15482257664891647,0.0428263281622618,0.1307884199264272,0.01879217143977129
data engineer,-0.049539690771859046,-0.19785997445500017,0.3348860765620882,-0.08748641133523063,0.049539690771859046,0.19785997445500017,0.3348860765620882,0.08748641133523063
data science,-0.09839073998482128,-0.2071287742496461,-0.09152296261358098,0.3970424768480514,0.09839073998482128,0.2071287742496461,0.09152296261358098,0.3970424768480514
database,-0.011202970546141024,-0.149337056162696,0.18877780395942248,-0.02823777725058383,0.011202970546141024,0.149337056162696,0.18877780395942248,0.02823777725058383
databases,-0.11108186446388618,-0.0693079575559914,0.19547925341142014,-0.015089431391543433,0.11108186446388618,0.0693079575559914,0.19547925341142014,0.015089431391543433
date,0.004202590201189334,-0.01528562718150973,-0.04345657803950464,0.054539615019826564,0.004202590201189334,0.01528562718150973,0.04345657803950464,0.054539615019826564
day,0.021211689751218024,-0.0988059058403096,0.06974629435667166,0.007847921732424337,0.021211689751218024,0.0988059058403096,0.06974629435667166,0.007847921732424337
decision,-0.032432058930917725,0.03778669539346747,-0.051023547203040136,0.04566891074049154,0.032432058930917725,0.03778669539346747,0.051023547203040136,0.04566891074049154
decision making,-0.05673726298673958,0.05217913204712189,-0.06127915338982342,0.06583728432944065,0.05673726298673958,0.05217913204712189,0.06127915338982342,0.06583728432944065
decisions,0.014964883679071441,-0.055798750869971964,-0.012232346519456256,0.05306621371035804,0.014964883679071441,0.055798750869971964,0.012232346519456256,0.05306621371035804
deep,-0.05825266443343959,0.15401826760989107,-0.05459540701021829,-0.041170196166228926,0.05825266443343959,0.15401826760989107,0.05459540701021829,0.041170196166228926
define,-0.03079730725025846,0.10748021000279519,-0.03802413118641929,-0.03865877156611647,0.03079730725025846,0.10748021000279519,0.03802413118641929,0.03865877156611647
degree,-0.07858884271076957,-0.06454348601436817,-0.011569070063552647,0.15470139878869288,0.07858884271076957,0.06454348601436817,0.011569070063552647,0.15470139878869288
deliver,0.006378767208225977,-0.1191188391119839,0.0036878278934613473,0.10905224401029905,0.006378767208225977,0.1191188391119839,0.0036878278934613473,0.10905224401029905
delivering,0.10434322108514187,-0.02298110054362152,-0.061147586581822184,-0.020214533959697138,0.10434322108514187,0.02298110054362152,0.061147586581822184,0.020214533959697138
delivery,0.04175187000389165,-0.0356554705644084,-0.023261827191943373,0.017165427752470395,0.04175187000389165,0.0356554705644084,0.023261827191943373,0.017165427752470395
demonstrate,-0.042608947389391555,-0.017544543789437525,0.04202983681675115,0.01812365436207769,0.042608947389391555,0.017544543789437525,0.04202983681675115,0.01812365436207769
demonstrated,-0.12523221021412567,0.07074910336981806,-0.020285415218117848,0.07476852206242823,0.12523221021412567,0.07074910336981806,0.020285415218117848,0.07476852206242823
description,0.026055258155364833,-0.09457392781219581,0.0653181595200229,0.00320051013681156,0.026055258155364833,0.09457392781219581,0.0653181595200229,0.00320051013681156
design,-0.007569452764716213,-0.024653642520306402,0.007172474261650242,0.025050621023376168,0.007569452764716213,0.024653642520306402,0.007172474261650242,0.025050621023376168
designing,0.0073929233671412575,-0.04319342889169965,0.06996489923149914,-0.03416439370694098,0.0073929233671412575,0.04319342889169965,0.06996489923149914,0.03416439370694098
desirable,0.019640093158607964,-0.12180928046494854,0.12749533580834002,-0.025326148501999088,0.019640093158607964,0.12180928046494854,0.12749533580834002,0.025326148501999088
develop,-0.26771369669411355,0.08911441401369592,0.008233288285670028,0.1703659943947504,0.26771369669411355,0.08911441401369592,0.008233288285670028,0.1703659943947504
developing,-0.031359253451758114,-0.3117917960473044,0.04103735092026178,0.3021136985788082,0.031359253451758114,0.3117917960473044,0.04103735092026178,0.3021136985788082
development,0.06879975367571572,0.05864251202088613,0.044782628024266975,-0.1722248937208579,0.06879975367571572,0.05864251202088613,0.044782628024266975,0.1722248937208579
different,0.07237180906292326,-0.05077472087452118,-0.01115178381386406,-0.010445304374536815,0.07237180906292326,0.05077472087452118,0.01115178381386406,0.010445304374536815
digital,-0.05502451986721941,0.06468930121013501,0.005692875991560365,-0.015357657334467308,0.05502451986721941,0.06468930121013501,0.005692875991560365,0.015357657334467308
disability,-0.03845744506487709,0.057454263544422665,-0.0013462490297081473,-0.01765056944983635,0.03845744506487709,0.057454263544422665,0.0013462490297081473,0.01765056944983635
discipline,-0.03113478894969663,-0.072428807826324,-0.0013128437951644974,0.1048764405711858,0.03113478894969663,0.072428807826324,0.0013128437951644974,0.1048764405711858
diverse,-0.042943909226463094,0.017674913241502287,-0.00845112960900314,0.03372012559396274,0.042943909226463094,0.017674913241502287,0.00845112960900314,0.03372012559396274
diversity,0.09225465436194659,-0.10206411363688164,0.052311939316824256,-0.04250248004188572,0.09225465436194659,0.10206411363688164,0.052311939316824256,0.04250248004188572
document,0.068818400067789,0.1490941367881753,-0.08791299980001362,-0.1299995370559538,0.068818400067789,0.1490941367881753,0.08791299980001362,0.1299995370559538
documentation,0.04298180423015064,-0.07791644984141952,0.038008022318753325,-0.0030733767074781235,0.04298180423015064,0.07791644984141952,0.038008022318753325,0.0030733767074781235
domain,0.028686206217554612,0.023356602195361797,0.009058557106912437,-0.061101365519827346,0.028686206217554612,0.023356602195361797,0.009058557106912437,0.061101365519827346
drive,-0.03310291234010026,-0.0163005981462124,0.07532663487347531,-0.025923124387162468,0.03310291234010026,0.0163005981462124,0.07532663487347531,0.025923124387162468
driven,-0.06457091933383478,0.029623770499641277,0.011554214825974445,0.023392934008219526,0.06457091933383478,0.029623770499641277,0.011554214825974445,0.023392934008219526
driving,-0.045602027235415774,0.04629424315008942,-0.029987427975116512,0.02929521206044458,0.045602027235415774,0.04629424315008942,0.029987427975116512,0.02929521206044458
dynamic,0.00699548010159977,0.04673366820956258,-0.0171840181053293,-0.036545130205831805,0.00699548010159977,0.04673366820956258,0.0171840181053293,0.036545130205831805
education,-0.09210362619909254,0.021711468535468795,0.08841378083160416,-0.018021623167980536,0.09210362619909254,0.021711468535468795,0.08841378083160416,0.018021623167980536
effective,0.01748913071364412,-0.049628755538921585,0.0731806316924375,-0.04104100686715874,0.01748913071364412,0.049628755538921585,0.0731806316924375,0.04104100686715874
effectively,-0.10791397992907567,0.03760682695812421,-0.012866537239689653,0.08317369021064477,0.10791397992907567,0.03760682695812421,0.012866537239689653,0.08317369021064477
eligibility,-0.027433401859303017,-0.15180709802947973,0.09623432295083731,0.08300617693794693,0.027433401859303017,0.15180709802947973,0.09623432295083731,0.08300617693794693
employee,0.040098052198786774,0.054786479907667274,-0.056358161944459015,-0.03852637016199282,0.040098052198786774,0.054786479907667274,0.056358161944459015,0.03852637016199282
employees,0.028164807849931323,-0.014327770790748732,-0.04896159121431758,0.03512455415513617,0.028164807849931323,0.014327770790748732,0.04896159121431758,0.03512455415513617
employer,-0.0566287971614622,-0.02781275687279418,0.0550097344269168,0.02943181960734087,0.0566287971614622,0.02781275687279418,0.0550097344269168,0.02943181960734087
employment,-0.02929958620619964,0.08559941938656139,-0.07833839080594437,0.022038557625582808,0.02929958620619964,0.08559941938656139,0.07833839080594437,0.022038557625582808
enable,0.01779959936860128,-0.06251059665749477,-0.021532654215893253,0.06624365150478614,0.01779959936860128,0.06251059665749477,0.021532654215893253,0.06624365150478614
encourage,-0.00856174388677278,-0.03858896467519631,0.05506045530279798,-0.007909746740828862,0.00856174388677278,0.03858896467519631,0.05506045530279798,0.007909746740828862
end,-0.04169878876838945,-0.1738936477333412,0.04427582087052639,0.17131661563120815,0.04169878876838945,0.1738936477333412,0.04427582087052639,0.17131661563120815
end end,-0.060473408125663874,-0.009720367291304018,-0.008026216424558351,0.07821999184152863,0.060473408125663874,0.009720367291304018,0.008026216424558351,0.07821999184152863
engage,-0.05862968028162827,0.09026634619075243,-0.054609807278199626,0.02297314136907563,0.05862968028162827,0.09026634619075243,0.054609807278199626,0.02297314136907563
engagement,-0.1017666269436701,0.17648776562260285,-0.09196338965569414,0.01724225097676092,0.1017666269436701,0.17648776562260285,0.09196338965569414,0.01724225097676092
engaging,-0.02548137976577877,0.04476927612641465,-0.029212168607688372,0.009924272247052673,0.02548137976577877,0.04476927612641465,0.029212168607688372,0.009924272247052673
engineer,-0.08694731702074479,-0.3431802060783631,0.5095074580606235,-0.07937993496151878,0.08694731702074479,0.3431802060783631,0.5095074580606235,0.07937993496151878
engineering,-0.05169519688742607,-0.1349366938900516,0.31843477634371986,-0.13180288556624525,0.05169519688742607,0.1349366938900516,0.31843477634371986,0.13180288556624525
engineers,-0.058348965017367416,-0.08462647319023477,0.08096289859503081,0.062012539612571756,0.058348965017367416,0.08462647319023477,0.08096289859503081,0.062012539612571756
enjoy,0.025714913273163262,0.002210459112390132,-0.012981659491107717,-0.014943712894442199,0.025714913273163262,0.002210459112390132,0.012981659491107717,0.014943712894442199
ensure,-0.14667593673133092,-0.04116825010757838,0.199756850413324,-0.01191266357441311,0.14667593673133092,0.04116825010757838,0.199756850413324,0.01191266357441311
ensuring,0.08812302151474469,-0.07944577937320557,0.0209817754451286,-0.02965901758666491,0.08812302151474469,0.07944577937320557,0.0209817754451286,0.02965901758666491
enterprise,-0.0970826528632386,0.06791929768639214,0.016091506523099146,0.013071848653751762,0.0970826528632386,0.06791929768639214,0.016091506523099146,0.013071848653751762
environment,0.1265522575080461,-0.05885087782289782,0.030793970994880408,-0.0984953506800198,0.1265522575080461,0.05885087782289782,0.030793970994880408,0.0984953506800198
environments,-0.10609338848843947,0.040155078499945235,0.007319350337144467,0.058618959651351575,0.10609338848843947,0.040155078499945235,0.007319350337144467,0.058618959651351575
equal,0.023604102927608655,-0.043046882311388465,0.01828284892771473,0.0011599304560656189,0.023604102927608655,0.043046882311388465,0.01828284892771473,0.0011599304560656189
equal opportunity,-0.009376642958671553,-0.013488955104304584,0.020372398058605617,0.002493200004371116,0.009376642958671553,0.013488955104304584,0.020372398058605617,0.002493200004371116
equivalent,-0.0264236807275213,-0.02489015821499604,0.049343945725393856,0.0019698932171239194,0.0264236807275213,0.02489015821499604,0.049343945725393856,0.0019698932171239194
essential,0.08756207018260682,0.03219196573011361,-0.06040082593385894,-0.059353209978859865,0.08756207018260682,0.03219196573011361,0.06040082593385894,0.059353209978859865
etl,-0.10770280332905925,0.008895792597601399,0.1401398724018926,-0.04133286167043226,0.10770280332905925,0.008895792597601399,0.1401398724018926,0.04133286167043226
events,0.03394725133187263,0.0016366511206078911,-0.009245225554325465,-0.026338676898155774,0.03394725133187263,0.0016366511206078911,0.009245225554325465,0.026338676898155774
excel,0.09442484321113837,0.09026662103198001,-0.06069798789280504,-0.12399347635031434,0.09442484321113837,0.09026662103198001,0.06069798789280504,0.12399347635031434
excellence,0.04197194180904051,-0.05073716536126605,-0.026231533879335973,0.03499675743156111,0.04197194180904051,0.05073716536126605,0.026231533879335973,0.03499675743156111
excellent,0.006977506315950981,0.03969277941322363,-0.1019955231221379,0.05532523739297204,0.006977506315950981,0.03969277941322363,0.1019955231221379,0.05532523739297204
exciting,-0.05140453017049982,-0.08253620992512711,0.12204047588104891,0.01190026421458024,0.05140453017049982,0.08253620992512711,0.12204047588104891,0.01190026421458024
existing,0.003965595094559493,-0.043049662696454216,0.059235669869060516,-0.02015160226716588,0.003965595094559493,0.043049662696454216,0.059235669869060516,0.02015160226716588
experience,0.07806802952732672,-0.05696238878641801,0.2162330974672318,-0.23733873820809606,0.07806802952732672,0.05696238878641801,0.2162330974672318,0.23733873820809606
experience business,0.06885360339992586,-0.03394880268592526,-0.0088572832611402,-0.026047517452857872,0.06885360339992586,0.03394880268592526,0.0088572832611402,0.026047517452857872
experience data,0.0443659734839047,0.0811248055638192,-0.10221471969883811,-0.02327605934888561,0.0443659734839047,0.0811248055638192,0.10221471969883811,0.02327605934888561
experience working,0.05736609301806781,-0.026848874711371127,0.02008079770170259,-0.05059801600839355,0.05736609301806781,0.026848874711371127,0.02008079770170259,0.05059801600839355
experienced,-0.0006498870025719016,-0.038229013520033626,0.08451798993292156,-0.045639089410315435,0.0006498870025719016,0.038229013520033626,0.08451798993292156,0.045639089410315435
experiences,-0.022582267735144983,-0.002536935671495585,0.04326080101003345,-0.01814159760339307,0.022582267735144983,0.002536935671495585,0.04326080101003345,0.01814159760339307
expert,0.01574797402273766,-0.06250093886573356,0.07062077403322935,-0.023867809190233628,0.01574797402273766,0.06250093886573356,0.07062077403322935,0.023867809190233628
expertise,-0.03373198086463012,0.17290067158415653,-0.060766153314316854,-0.0784025374052088,0.03373198086463012,0.17290067158415653,0.060766153314316854,0.0784025374052088
exposure,0.06295854924840985,-0.011349391202220203,-0.06039413132364686,0.008784973277461364,0.06295854924840985,0.011349391202220203,0.06039413132364686,0.008784973277461364
extensive,-0.0818142748708567,0.029111633268294235,0.04070971316302472,0.011992928439537129,0.0818142748708567,0.029111633268294235,0.04070971316302472,0.011992928439537129
external,-0.017089010029921237,0.00096751452070896,-0.011948119029545855,0.02806961453876626,0.017089010029921237,0.00096751452070896,0.011948119029545855,0.02806961453876626
fast,-0.05902351540118593,0.10880912206322556,-0.10270710524490355,0.052921498582867106,0.05902351540118593,0.10880912206322556,0.10270710524490355,0.052921498582867106
fast paced,-0.012349058182933057,-0.0035929098944883697,-0.06393834717179615,0.07988031524921908,0.012349058182933057,0.0035929098944883697,0.06393834717179615,0.07988031524921908
field,-0.04372075501232026,0.015331231317411027,0.07077769279562583,-0.042388169100719075,0.04372075501232026,0.015331231317411027,0.07077769279562583,0.042388169100719075
finance,0.16489169072037443,0.0379131617494526,-0.13740741699745404,-0.06539743547236851,0.16489169072037443,0.0379131617494526,0.13740741699745404,0.06539743547236851
financial,0.058942301874926446,0.1204325120501739,-0.11869351804119696,-0.06068129588389586,0.058942301874926446,0.1204325120501739,0.11869351804119696,0.06068129588389586
financial services,0.04512886080731583,-0.03645822381984948,-0.01853561379770771,0.009864976810244919,0.04512886080731583,0.03645822381984948,0.01853561379770771,0.009864976810244919
flexibility,-0.06523560101207118,0.08437261450566638,-0.030115966716452246,0.010978953222858957,0.06523560101207118,0.08437261450566638,0.030115966716452246,0.010978953222858957
flexible,-0.1319259532202123,0.12383610805506048,-0.025775825355987006,0.03386567052114297,0.1319259532202123,0.12383610805506048,0.025775825355987006,0.03386567052114297
flexible working,-0.11801143182468841,0.15877100623686038,-0.05132184567162183,0.010562271259451772,0.11801143182468841,0.15877100623686038,0.05132184567162183,0.010562271259451772
focus,0.011510864955495304,-0.03723342738060893,-0.011427481665429947,0.03715004409054881,0.011510864955495304,0.03723342738060893,0.011427481665429947,0.03715004409054881
focused,-0.012465924947142088,0.06147454425036414,-0.05156278401194587,0.0025541647087261084,0.012465924947142088,0.06147454425036414,0.05156278401194587,0.0025541647087261084
following,-0.05673922703602031,-0.02783857898500277,-0.0007000742360140266,0.08527788025704083,0.05673922703602031,0.02783857898500277,0.0007000742360140266,0.08527788025704083
frameworks,0.003938499704164009,-0.0018670904848684627,0.005120814443408594,-0.00719222366270193,0.003938499704164009,0.0018670904848684627,0.005120814443408594,0.00719222366270193
fun,0.010160125116563707,-0.049114929194783725,0.06777788224981635,-0.02882307817159506,0.010160125116563707,0.049114929194783725,0.06777788224981635,0.02882307817159506
function,0.03297269999860999,-0.06582249368757172,0.016053616752588457,0.016796176936372077,0.03297269999860999,0.06582249368757172,0.016053616752588457,0.016796176936372077
functional,0.0829824658304893,-0.1169228110429262,0.06508281950316315,-0.03114247429072308,0.0829824658304893,0.1169228110429262,0.06508281950316315,0.03114247429072308
functions,0.10289575805281902,-0.09099503926750295,-0.043409799922431574,0.031509081137115875,0.10289575805281902,0.09099503926750295,0.043409799922431574,0.031509081137115875
future,-0.08469777366418013,-0.0011876861413843162,0.0034359193714732484,0.0824495404340924,0.08469777366418013,0.0011876861413843162,0.0034359193714732484,0.0824495404340924
gender,0.024213542966965942,-0.007704893741879804,-0.031957811267789064,0.015449162042702457,0.024213542966965942,0.007704893741879804,0.031957811267789064,0.015449162042702457
global,-0.00586997675684965,-0.06290027447030579,0.036965493770884095,0.03180475745627609,0.00586997675684965,0.06290027447030579,0.036965493770884095,0.03180475745627609
good,-0.16355483615123093,0.08007002848235975,-0.11270417022941714,0.19618897789828926,0.16355483615123093,0.08007002848235975,0.11270417022941714,0.19618897789828926
government,0.058367761420244434,-0.10901698587888967,0.05627962393605707,-0.00563039947740929,0.058367761420244434,0.10901698587888967,0.05627962393605707,0.00563039947740929
great,0.015706403503952696,0.18190196286781776,-0.009331464712206432,-0.18827690165956285,0.015706403503952696,0.18190196286781776,0.009331464712206432,0.18827690165956285
group,0.07672062292258686,-0.01593016419841246,-0.07213954996855432,0.011349091244385488,0.07672062292258686,0.01593016419841246,0.07213954996855432,0.011349091244385488
grow,-0.08444051216475684,0.045730590571026554,0.02312372626156513,0.015586195332163,0.08444051216475684,0.045730590571026554,0.02312372626156513,0.015586195332163
growing,-0.05380347501842354,0.030091686126157927,0.024633676979312912,-0.0009218880870454835,0.05380347501842354,0.030091686126157927,0.024633676979312912,0.0009218880870454835
growth,0.08511119417358559,-0.08119899184048263,-0.005556478472264756,0.0016442761391622892,0.08511119417358559,0.08119899184048263,0.005556478472264756,0.0016442761391622892
hands,-0.07153418197958636,-0.02434093229331464,0.10318315221784938,-0.007308037944945901,0.07153418197958636,0.02434093229331464,0.10318315221784938,0.007308037944945901
health,0.043243999740053385,0.12725213891997758,-0.05534622262258102,-0.11514991603744962,0.043243999740053385,0.12725213891997758,0.05534622262258102,0.11514991603744962
help,-0.10329633650419454,0.18795638662871117,-0.0293386700761516,-0.05532138004836552,0.10329633650419454,0.18795638662871117,0.0293386700761516,0.05532138004836552
helping,-0.03886314077039142,0.006737619333126705,-0.007320497013126077,0.0394460184503918,0.03886314077039142,0.006737619333126705,0.007320497013126077,0.0394460184503918
high,0.050415963042494155,0.03606038622736646,-0.04545904316019033,-0.04101730610966814,0.050415963042494155,0.03606038622736646,0.04545904316019033,0.04101730610966814
highly,0.1199286383981292,0.015465400683699195,-0.09606962373302314,-0.039324415348796916,0.1199286383981292,0.015465400683699195,0.09606962373302314,0.039324415348796916
hours,0.013611293251946347,-0.08847462580756603,0.11279655943200205,-0.037933226876381426,0.013611293251946347,0.08847462580756603,0.11279655943200205,0.037933226876381426
ideally,-0.11512090880657663,0.06498713477603729,0.0665150172057842,-0.016381243175240583,0.11512090880657663,0.06498713477603729,0.0665150172057842,0.016381243175240583
ideas,0.010071353483168302,-0.09471901583564778,0.07913417915336343,0.005513483199120566,0.010071353483168302,0.09471901583564778,0.07913417915336343,0.005513483199120566
identify,-0.07679711192711157,0.10215471557996142,-0.09659293788218151,0.07123533422933316,0.07679711192711157,0.10215471557996142,0.09659293788218151,0.07123533422933316
identifying,-0.01892497630371711,0.08916095270516793,-0.053223973190701414,-0.01701200321075112,0.01892497630371711,0.08916095270516793,0.053223973190701414,0.01701200321075112
impact,-0.007848337605839141,0.037292490045767394,-0.011652822123291896,-0.01779133031663702,0.007848337605839141,0.037292490045767394,0.011652822123291896,0.01779133031663702
implement,-0.03098273173711592,-0.0448037375543882,-0.026233056351951674,0.10201952564345634,0.03098273173711592,0.0448037375543882,0.026233056351951674,0.10201952564345634
implementation,-0.14002910293013446,0.017286458838601467,0.07329900931803603,0.04944363477349853,0.14002910293013446,0.017286458838601467,0.07329900931803603,0.04944363477349853
implementing,-0.016688568659618583,-0.014076002030304405,0.06962092792755041,-0.03885635723762279,0.016688568659618583,0.014076002030304405,0.06962092792755041,0.03885635723762279
important,-0.007093383539612082,-0.06854615433812696,0.10021894833651691,-0.024579410458776586,0.007093383539612082,0.06854615433812696,0.10021894833651691,0.024579410458776586
improve,0.049549729470015506,-0.13532876664672092,0.07451231964903016,0.011266717527673243,0.049549729470015506,0.13532876664672092,0.07451231964903016,0.011266717527673243
improvement,-0.06292893685980223,0.08739505771168077,-0.03306582464055169,0.008599703788676135,0.06292893685980223,0.08739505771168077,0.03306582464055169,0.008599703788676135
include,-0.14981231345123358,0.07436244397259069,0.014085768921569267,0.061364100557077306,0.14981231345123358,0.07436244397259069,0.014085768921569267,0.061364100557077306
includes,-0.03684598528477853,0.18106572308356347,-0.069916278401649,-0.0743034593971346,0.03684598528477853,0.18106572308356347,0.069916278401649,0.0743034593971346
including,0.050448306830295185,-0.11255081318667765,0.17041519204982433,-0.10831268569343777,0.050448306830295185,0.11255081318667765,0.17041519204982433,0.10831268569343777
inclusive,0.004099974532852569,0.032236635227905895,0.010976608434224022,-0.04731321819498215,0.004099974532852569,0.032236635227905895,0.010976608434224022,0.04731321819498215
individual,-0.02322179362156093,-0.03545296095193469,0.06700377841061135,-0.008329023837117831,0.02322179362156093,0.03545296095193469,0.06700377841061135,0.008329023837117831
industry,-0.16981372405446715,-0.030083165739084743,0.2610570126277569,-0.061160122834199866,0.16981372405446715,0.030083165739084743,0.2610570126277569,0.061160122834199866
information,-0.0015403858258758825,0.14607900403458543,-0.12699494282632592,-0.017543675382371705,0.0015403858258758825,0.14607900403458543,0.12699494282632592,0.017543675382371705
infrastructure,0.05956192920194954,-0.1438446116053818,0.10641062541514773,-0.022127943011716365,0.05956192920194954,0.1438446116053818,0.10641062541514773,0.022127943011716365
initiatives,0.052277706621265706,-0.039991180051752576,0.003600259934445317,-0.015886786503956408,0.052277706621265706,0.039991180051752576,0.003600259934445317,0.015886786503956408
innovation,0.04329175057888888,-0.020729581574608733,0.03837124994020071,-0.060933418944477104,0.04329175057888888,0.020729581574608733,0.03837124994020071,0.060933418944477104
innovative,0.11958162192624987,-0.033311644552622616,-0.06425294610290722,-0.022017031270719408,0.11958162192624987,0.033311644552622616,0.06425294610290722,0.022017031270719408
insights,-0.08922702398537574,0.07414676908234925,-0.011301075356373336,0.026381330259404014,0.08922702398537574,0.07414676908234925,0.011301075356373336,0.026381330259404014
insurance,0.027896513645597715,0.014264836750999292,-0.06473327916120739,0.022571928764609995,0.027896513645597715,0.014264836750999292,0.06473327916120739,0.022571928764609995
integration,0.004993091674422315,-0.007954534937061468,0.05421254663358174,-0.05125110337094331,0.004993091674422315,0.007954534937061468,0.05421254663358174,0.05125110337094331
integrity,-0.04593298904456704,0.08177616019239295,-0.019647550643848394,-0.016195620503980376,0.04593298904456704,0.08177616019239295,0.019647550643848394,0.016195620503980376
intelligence,0.16268333439245444,-0.0004349529629015129,-0.16931992452448855,0.007071543094935175,0.16268333439245444,0.0004349529629015129,0.16931992452448855,0.007071543094935175
internal,0.09208683631647077,-0.001230876141189362,-0.06209792557265807,-0.028758034602615293,0.09208683631647077,0.001230876141189362,0.06209792557265807,0.028758034602615293
international,-0.017908808701405536,0.02973227410891333,0.017214594041465473,-0.029038059448972708,0.017908808701405536,0.02973227410891333,0.017214594041465473,0.029038059448972708
interpersonal,0.03508919020342953,-0.004040744439092477,-0.018681824622499,-0.012366621141837841,0.03508919020342953,0.004040744439092477,0.018681824622499,0.012366621141837841
issues,-0.023435252025892927,0.10600002606676893,-0.016783879877677346,-0.065780894163201,0.023435252025892927,0.10600002606676893,0.016783879877677346,0.065780894163201
job,0.0363434118847353,0.03178282920720063,-0.002072846309965183,-0.06605339478196856,0.0363434118847353,0.03178282920720063,0.002072846309965183,0.06605339478196856
join,-0.157503897866246,0.09516309546765545,0.0661562776060732,-0.0038154752074789516,0.157503897866246,0.09516309546765545,0.0661562776060732,0.0038154752074789516
just,0.01285178113398693,-0.03042452416803366,0.040772444971574714,-0.023199701937526185,0.01285178113398693,0.03042452416803366,0.040772444971574714,0.023199701937526185
key,0.06392875114077266,-0.0011275192575934052,-0.12978446061893675,0.06698322873576419,0.06392875114077266,0.0011275192575934052,0.12978446061893675,0.06698322873576419
knowledge,0.016326726656016945,-0.021020094401590993,0.04659894829545988,-0.04190558054988478,0.016326726656016945,0.021020094401590993,0.04659894829545988,0.04190558054988478
languages,-0.050109677514808895,-0.055556651950949006,0.013847743106559396,0.09181858635919764,0.050109677514808895,0.055556651950949006,0.013847743106559396,0.09181858635919764
large,-0.011527530141733876,0.0023883724564992977,0.1109031066496228,-0.10176394896438945,0.011527530141733876,0.0023883724564992977,0.1109031066496228,0.10176394896438945
largest,0.03545796074350527,-0.009391442768640927,-0.014588527575867484,-0.01147799039899519,0.03545796074350527,0.009391442768640927,0.014588527575867484,0.01147799039899519
lead,-0.0006078110059456819,0.04940052214492285,-0.005722779429875108,-0.043069931709100076,0.0006078110059456819,0.04940052214492285,0.005722779429875108,0.043069931709100076
leader,-0.08601250237417482,-0.021027975044403617,0.059219309674218255,0.04782116774435926,0.08601250237417482,0.021027975044403617,0.059219309674218255,0.04782116774435926
leadership,0.05297704326748892,0.024124607966990976,-0.025065972188742257,-0.052035679045738026,0.05297704326748892,0.024124607966990976,0.025065972188742257,0.052035679045738026
leading,0.08138627815005268,-0.09738537216844152,-0.0690121596790736,0.08501125369746873,0.08138627815005268,0.09738537216844152,0.0690121596790736,0.08501125369746873
learn,0.034056775126870116,-0.1375867807151058,-0.014399035795132251,0.11792904138336995,0.034056775126870116,0.1375867807151058,0.014399035795132251,0.11792904138336995
learning,-0.16536645755922383,0.1531876715178356,-0.11899803361814795,0.1311768196595396,0.16536645755922383,0.1531876715178356,0.11899803361814795,0.1311768196595396
leave,0.03872866301868365,-0.052059635931652026,0.04012261099428088,-0.0267916380813114,0.03872866301868365,0.052059635931652026,0.04012261099428088,0.0267916380813114
let,-0.054607856754273244,0.044650005275526004,-0.0023920601548790064,0.012349911633628894,0.054607856754273244,0.044650005275526004,0.0023920601548790064,0.012349911633628894
level,0.07187282413635998,-0.17574493455901594,0.10058568909361185,0.003286421329051052,0.07187282413635998,0.17574493455901594,0.10058568909361185,0.003286421329051052
levels,0.08575858141645216,-0.06230586523823894,0.000532035814675743,-0.023984751992887788,0.08575858141645216,0.06230586523823894,0.000532035814675743,0.023984751992887788
life,-0.04682665399817048,0.2778770633633278,-0.06649029105191702,-0.164560118313244,0.04682665399817048,0.2778770633633278,0.06649029105191702,0.164560118313244
like,-0.04721336448513782,0.010825829677602268,-0.05331203981716496,0.08969957462470136,0.04721336448513782,0.010825829677602268,0.05331203981716496,0.08969957462470136
ll,0.13967372903268688,-0.07176587563105259,0.04149295752006617,-0.10940081092170081,0.13967372903268688,0.07176587563105259,0.04149295752006617,0.10940081092170081
location,-0.05558451017678056,-0.1089685475290614,0.053687440700132344,0.11086561700571304,0.05558451017678056,0.1089685475290614,0.053687440700132344,0.11086561700571304
long,0.08582996659800475,-0.03160363345294889,-0.016307906806297644,-0.037918426338757465,0.08582996659800475,0.03160363345294889,0.016307906806297644,0.037918426338757465
looking,-0.08633422668351394,-0.13276012023697142,0.1424733991989988,0.07662094772148739,0.08633422668351394,0.13276012023697142,0.1424733991989988,0.07662094772148739
love,0.05444189668821051,-0.10153450591724728,0.024936682796229053,0.022155926432813,0.05444189668821051,0.10153450591724728,0.024936682796229053,0.022155926432813
machine,-0.1367756857676587,-0.1000602362074018,-0.040804328432380826,0.2776402504074465,0.1367756857676587,0.1000602362074018,0.040804328432380826,0.2776402504074465
machine learning,-0.13652699219300732,-0.11646226740362804,-0.03257445715832572,0.28556371675495956,0.13652699219300732,0.11646226740362804,0.03257445715832572,0.28556371675495956
maintain,0.009866979119557962,-0.035907215009664366,0.04388956073217584,-0.01784932484206916,0.009866979119557962,0.035907215009664366,0.04388956073217584,0.01784932484206916
maintenance,-0.0019430377860282992,-0.025202099091185096,-0.011675038134880142,0.03882017501209277,0.0019430377860282992,0.025202099091185096,0.011675038134880142,0.03882017501209277
make,0.039815197928998396,-0.02982369575240334,0.05268364665154582,-0.06267514882813995,0.039815197928998396,0.02982369575240334,0.05268364665154582,0.06267514882813995
making,-0.028447791924152588,-0.06804540067363339,0.02824882016642597,0.06824437243136114,0.028447791924152588,0.06804540067363339,0.02824882016642597,0.06824437243136114
manage,0.10985435217722535,-0.035503791656430354,-0.06883075760400785,-0.005519802916786665,0.10985435217722535,0.035503791656430354,0.06883075760400785,0.005519802916786665
management,0.10069336801304156,-0.05475338051073714,-0.02719094426625256,-0.018749043236034133,0.10069336801304156,0.05475338051073714,0.02719094426625256,0.018749043236034133
manager,-0.02012490761166802,0.008036828373424993,0.010194284260699288,0.0018937949775483995,0.02012490761166802,0.008036828373424993,0.010194284260699288,0.0018937949775483995
managing,0.034152651517106336,-0.12910989430605196,0.06950642275209508,0.025450820036852027,0.034152651517106336,0.12910989430605196,0.06950642275209508,0.025450820036852027
market,-0.041132061232981784,0.11776939649287714,-0.05391727330333401,-0.02272006195656315,0.041132061232981784,0.11776939649287714,0.05391727330333401,0.02272006195656315
marketing,-0.04002885522109962,-0.019400645818808116,-0.044678812326819896,0.10410831336672882,0.04002885522109962,0.019400645818808116,0.044678812326819896,0.10410831336672882
mathematics,-0.11259963169729664,0.0423957542135512,-0.03484554641948602,0.10504942390323026,0.11259963169729664,0.0423957542135512,0.03484554641948602,0.10504942390323026
meet,-0.08722618013523555,0.10551308212879401,-0.030394149796850897,0.012107247803294462,0.08722618013523555,0.10551308212879401,0.030394149796850897,0.012107247803294462
member,0.014935751369061107,0.025066961072309248,-0.049809664866387104,0.009806952425016708,0.014935751369061107,0.025066961072309248,0.049809664866387104,0.009806952425016708
members,-0.017270216783022516,-0.029654828628024505,0.01906955924104071,0.027855486170009765,0.017270216783022516,0.029654828628024505,0.01906955924104071,0.027855486170009765
mentoring,-0.03858762921001409,0.026608618233487313,0.0023657263257638576,0.009613284650762834,0.03858762921001409,0.026608618233487313,0.0023657263257638576,0.009613284650762834
methodologies,-0.02794056887398857,0.01562907060772742,-0.03552178888787184,0.04783328715413676,0.02794056887398857,0.01562907060772742,0.03552178888787184,0.04783328715413676
methods,0.01848388967435996,-0.2031523155782107,0.10037176013329704,0.08429666577055529,0.01848388967435996,0.2031523155782107,0.10037176013329704,0.08429666577055529
microsoft,-0.003666566595662073,0.009255616592084168,0.07300606855970038,-0.07859511855612235,0.003666566595662073,0.009255616592084168,0.07300606855970038,0.07859511855612235
minimum,0.00873595018914093,-0.08136456273108968,-0.03129928871859378,0.10392790126054378,0.00873595018914093,0.08136456273108968,0.03129928871859378,0.10392790126054378
mission,-0.02502600646084436,0.004420185673138897,0.03782322766062403,-0.017217406872916754,0.02502600646084436,0.004420185673138897,0.03782322766062403,0.017217406872916754
model,-0.061252980550081514,-0.13036067724147943,-0.09154369522886384,0.2831573530204256,0.061252980550081514,0.13036067724147943,0.09154369522886384,0.2831573530204256
modelling,-0.10375155625489771,0.22357775448436823,-0.0654378529426275,-0.054388345286842464,0.10375155625489771,0.22357775448436823,0.0654378529426275,0.054388345286842464
models,0.054211289113280804,-0.19273866659110828,-0.11234011227822122,0.2508674897560465,0.054211289113280804,0.19273866659110828,0.11234011227822122,0.2508674897560465
monitoring,-0.07872326704930051,-0.10954251388193624,0.20173730033249349,-0.013471519401253433,0.07872326704930051,0.10954251388193624,0.20173730033249349,0.013471519401253433
motivated,-0.030257377855378843,0.07812060023774697,-0.02594517200525818,-0.021918050377109553,0.030257377855378843,0.07812060023774697,0.02594517200525818,0.021918050377109553
multi,0.03534262821591549,0.030092388775805185,-0.006586204281679712,-0.058848812710039985,0.03534262821591549,0.030092388775805185,0.006586204281679712,0.058848812710039985
multiple,0.01581184501846484,0.12639018606282257,-0.03215888501952884,-0.11004314606175761,0.01581184501846484,0.12639018606282257,0.03215888501952884,0.11004314606175761
national,0.024919191395432944,0.046026469464503644,-0.05442716588195765,-0.016518494977978918,0.024919191395432944,0.046026469464503644,0.05442716588195765,0.016518494977978918
need,-0.1010369236972941,0.21471934517032834,-0.031115970658103842,-0.08256645081492771,0.1010369236972941,0.21471934517032834,0.031115970658103842,0.08256645081492771
needs,-0.049645655128075034,0.03342060817893152,0.02967409364400339,-0.01344904669485731,0.049645655128075034,0.03342060817893152,0.02967409364400339,0.01344904669485731
network,0.01244592474324811,-0.015147699443384541,-0.04919754266906285,0.051899317369198415,0.01244592474324811,0.015147699443384541,0.04919754266906285,0.051899317369198415
new,-0.1867045366647842,0.10923392514884794,0.2732974762751174,-0.1958268647591764,0.1867045366647842,0.10923392514884794,0.2732974762751174,0.1958268647591764
non,0.018793373637730343,-0.005837516405085887,-0.017419636301959845,0.004463779069316982,0.018793373637730343,0.005837516405085887,0.017419636301959845,0.004463779069316982
number,-0.052143686898528115,0.11740897032223185,-0.06635908208112469,0.0010937986574216265,0.052143686898528115,0.11740897032223185,0.06635908208112469,0.0010937986574216265
objectives,-0.0203844941993814,-0.06576937661198762,0.09897528822637368,-0.01282141741500584,0.0203844941993814,0.06576937661198762,0.09897528822637368,0.01282141741500584
offer,0.09872141486865856,-0.20614904867974654,0.12473952382451509,-0.017311890013424265,0.09872141486865856,0.20614904867974654,0.12473952382451509,0.017311890013424265
offers,-0.02887967740752487,0.04656610566970325,0.00012057789530279366,-0.01780700615747906,0.02887967740752487,0.04656610566970325,0.00012057789530279366,0.01780700615747906
office,-0.1608075354983395,0.03207270634276902,0.08863844950923185,0.04009637964634554,0.1608075354983395,0.03207270634276902,0.08863844950923185,0.04009637964634554
offices,0.046389799031272966,-0.01611271295709792,-0.0232870334729444,-0.006990052601230618,0.046389799031272966,0.01611271295709792,0.0232870334729444,0.006990052601230618
ongoing,0.08054978857956711,-0.03388400967762057,-0.020218308149386525,-0.026447470752557854,0.08054978857956711,0.03388400967762057,0.020218308149386525,0.026447470752557854
open,-0.08034722573937716,0.04160305857652603,-0.0005030103020435769,0.039247177464896234,0.08034722573937716,0.04160305857652603,0.0005030103020435769,0.039247177464896234
operational,-0.028064686427791804,-0.017776318577929082,-0.03561155847820763,0.08145256348392801,0.028064686427791804,0.017776318577929082,0.03561155847820763,0.08145256348392801
operations,0.09124492906005413,-0.12695802079868376,0.001104605703092945,0.034608486035541564,0.09124492906005413,0.12695802079868376,0.001104605703092945,0.034608486035541564
opportunities,0.07729550525174078,-0.06789664072154042,-0.08408816587017177,0.07468930133997478,0.07729550525174078,0.06789664072154042,0.08408816587017177,0.07468930133997478
opportunity,0.11572467300079207,0.08218491650416813,-0.08108876155795873,-0.11682082794699065,0.11572467300079207,0.08218491650416813,0.08108876155795873,0.11682082794699065
opportunity employer,0.0021438773083112318,-0.022933947513012035,0.011649489146902515,0.00914058105779889,0.0021438773083112318,0.022933947513012035,0.011649489146902515,0.00914058105779889
options,-0.06917489161886886,0.036809747571138904,-0.0009118725969088628,0.033277016644641916,0.06917489161886886,0.036809747571138904,0.0009118725969088628,0.033277016644641916
organisation,0.08296918395208022,-0.11251127019240563,0.026723974130934407,0.0028181121093947006,0.08296918395208022,0.11251127019240563,0.026723974130934407,0.0028181121093947006
orientation,0.026287084388846697,-0.009862407074428238,-0.014029358457798208,-0.002395318856619892,0.026287084388846697,0.009862407074428238,0.014029358457798208,0.002395318856619892
outcomes,-0.00808504077471331,0.062385741835738966,-0.07391369249325841,0.019612991432234175,0.00808504077471331,0.062385741835738966,0.07391369249325841,0.019612991432234175
paced,-0.012349058182933057,-0.0035929098944883697,-0.06393834717179615,0.07988031524921908,0.012349058182933057,0.0035929098944883697,0.06393834717179615,0.07988031524921908
paid,0.035449621978442696,-0.021915189844577364,-0.03089726482147442,0.017362832687609627,0.035449621978442696,0.021915189844577364,0.03089726482147442,0.017362832687609627
parental,-0.03388774339789198,-0.003621099037654266,0.03975280097297574,-0.0022439585374292056,0.03388774339789198,0.003621099037654266,0.03975280097297574,0.0022439585374292056
participate,0.06844039221880473,-0.014947157592526333,-0.02128156994585986,-0.03221166468041772,0.06844039221880473,0.014947157592526333,0.02128156994585986,0.03221166468041772
partner,0.00936098485796201,0.10447234061068547,-0.09431946625543419,-0.019513859213213695,0.00936098485796201,0.10447234061068547,0.09431946625543419,0.019513859213213695
partners,0.17600111667502982,-0.027459408845676568,-0.09337546513535945,-0.05516624269399343,0.17600111667502982,0.027459408845676568,0.09337546513535945,0.05516624269399343
passion,0.04037559550109333,-0.007468597410391413,-0.05628350889272159,0.023376510802020273,0.04037559550109333,0.007468597410391413,0.05628350889272159,0.023376510802020273
passionate,0.01864113075477812,-0.0351904893111462,-0.03806470716822865,0.05461406572459717,0.01864113075477812,0.0351904893111462,0.03806470716822865,0.05461406572459717
people,-0.05715312370518198,-0.026987398027428836,-0.033252190142773516,0.11739271187538972,0.05715312370518198,0.026987398027428836,0.033252190142773516,0.11739271187538972
performance,-0.06569602392120939,-0.2417623513629639,0.29811142936165386,0.009346945922523477,0.06569602392120939,0.2417623513629639,0.29811142936165386,0.009346945922523477
performing,0.07166477462465101,-0.08453248337432172,0.04383125731324934,-0.030963548563571162,0.07166477462465101,0.08453248337432172,0.04383125731324934,0.030963548563571162
permanent,0.2304205613632312,-0.14403654674361288,-0.053989255344026967,-0.03239475927559099,0.2304205613632312,0.14403654674361288,0.053989255344026967,0.03239475927559099
personal,0.0683165037733442,0.03725735214595369,-0.0910167642016476,-0.014557091717651058,0.0683165037733442,0.03725735214595369,0.0910167642016476,0.014557091717651058
planning,-0.029334899538111244,0.01844409533855405,0.016514305730689773,-0.00562350153113206,0.029334899538111244,0.01844409533855405,0.016514305730689773,0.00562350153113206
platform,-0.07130259012408849,0.040108232590569115,0.11987735843849497,-0.08868300090497333,0.07130259012408849,0.040108232590569115,0.11987735843849497,0.08868300090497333
platforms,-0.13385102217151898,0.038693858060531015,0.15827539162372523,-0.06311822751273419,0.13385102217151898,0.038693858060531015,0.15827539162372523,0.06311822751273419
policy,0.03855660459168068,-0.05109572073631064,0.03142722433220976,-0.018888108187578884,0.03855660459168068,0.05109572073631064,0.03142722433220976,0.018888108187578884
position,-0.05317990935012307,-0.04574438586051124,0.0993211070541805,-0.00039681184353762566,0.05317990935012307,0.04574438586051124,0.0993211070541805,0.00039681184353762566
positive,0.036728549955768644,-0.08952357099392098,0.0626978244561564,-0.009902803418004131,0.036728549955768644,0.08952357099392098,0.0626978244561564,0.009902803418004131
potential,-0.17370212545894828,0.21389229790595712,-0.03421965852546146,-0.0059705139215468555,0.17370212545894828,0.21389229790595712,0.03421965852546146,0.0059705139215468555
power,-0.10971265597467281,0.024457394405371626,0.13213861132171037,-0.04688334975241452,0.10971265597467281,0.024457394405371626,0.13213861132171037,0.04688334975241452
practice,-0.05170046112629749,0.06322592560510538,0.035786866634018574,-0.047312331112827254,0.05170046112629749,0.06322592560510538,0.035786866634018574,0.047312331112827254
practices,0.09021067223073097,-0.0055915384384678584,-0.07726077123077184,-0.007358362561485375,0.09021067223073097,0.0055915384384678584,0.07726077123077184,0.007358362561485375
preferred,-0.060102796200043176,0.1524589942779087,0.05064439149758825,-0.14300058957545073,0.060102796200043176,0.1524589942779087,0.05064439149758825,0.14300058957545073
primary,-0.011470554571359967,-0.02292575500567405,0.06629076856526538,-0.031894458988230956,0.011470554571359967,0.02292575500567405,0.06629076856526538,0.031894458988230956
problem,-0.05668492933412636,0.0026614365214077465,-0.038159962425776725,0.09218345523849673,0.05668492933412636,0.0026614365214077465,0.038159962425776725,0.09218345523849673
problem solving,-0.0668963177302948,0.030102392438093636,-0.010342167552847227,0.04713609284504926,0.0668963177302948,0.030102392438093636,0.010342167552847227,0.04713609284504926
problems,-0.01910531365786759,-0.028749056792462476,-0.04302042261352247,0.09087479306385221,0.01910531365786759,0.028749056792462476,0.04302042261352247,0.09087479306385221
procedures,0.05283744508126168,0.0023405992079990204,-0.04154638247158679,-0.013631661817672969,0.05283744508126168,0.0023405992079990204,0.04154638247158679,0.013631661817672969
process,0.13526206535486598,-0.027766600943993736,-0.03144730066702404,-0.07604816374384193,0.13526206535486598,0.027766600943993736,0.03144730066702404,0.07604816374384193
processes,0.05056343347490035,0.15491889725050975,-0.11755883839534093,-0.08792349233006598,0.05056343347490035,0.15491889725050975,0.11755883839534093,0.08792349233006598
processing,0.04192474509611538,-0.22946836552904423,0.19389415005156369,-0.006350529618630906,0.04192474509611538,0.22946836552904423,0.19389415005156369,0.006350529618630906
product,0.09027247747745692,0.04637725257503594,-0.0636744917010881,-0.07297523835140542,0.09027247747745692,0.04637725257503594,0.0636744917010881,0.07297523835140542
production,-0.10308227557888677,-0.012966059248787852,0.09921646626079253,0.01683186856688087,0.10308227557888677,0.012966059248787852,0.09921646626079253,0.01683186856688087
products,-0.07473874014676168,-0.03645640371702606,-0.0606217680272169,0.17181691189100254,0.07473874014676168,0.03645640371702606,0.0606217680272169,0.17181691189100254
professional,0.1150850180854304,0.1293358631903575,-0.09309162949440376,-0.1513292517813797,0.1150850180854304,0.1293358631903575,0.09309162949440376,0.1513292517813797
program,-0.09128609801180951,0.02297546531524085,-0.021067449924043236,0.08937808262061112,0.09128609801180951,0.02297546531524085,0.021067449924043236,0.08937808262061112
programming,-0.1148225637402495,-0.12623962865531468,0.0037710585472148844,0.23729113384834927,0.1148225637402495,0.12623962865531468,0.0037710585472148844,0.23729113384834927
programs,-0.015633328049777025,-0.13964999197560116,0.046157637681788766,0.10912568234358973,0.015633328049777025,0.13964999197560116,0.046157637681788766,0.10912568234358973
project,-0.10674069833077503,0.17013099279148006,-0.04832434607544521,-0.015065948385249429,0.10674069833077503,0.17013099279148006,0.04832434607544521,0.015065948385249429
project management,-0.009385702978707082,0.0072197166218419375,-0.016688556224588022,0.01885454258145506,0.009385702978707082,0.0072197166218419375,0.016688556224588022,0.01885454258145506
projects,0.031792725900640854,0.05743609767880012,-0.12331699894808047,0.03408817536865137,0.031792725900640854,0.05743609767880012,0.12331699894808047,0.03408817536865137
proud,-0.03704120509959239,0.059881706823268335,-0.020412626054096553,-0.0024278756695796174,0.03704120509959239,0.059881706823268335,0.020412626054096553,0.0024278756695796174
proven,-0.08961635188928178,0.09986004652435412,-0.05399923533151441,0.04375554069644476,0.08961635188928178,0.09986004652435412,0.05399923533151441,0.04375554069644476
provide,0.04761571116771473,-0.036528584488390206,0.04207690550420277,-0.05316403218352659,0.04761571116771473,0.036528584488390206,0.04207690550420277,0.05316403218352659
providing,0.23473894975321824,-0.1364153271741907,-0.04145259852608752,-0.05687102405293918,0.23473894975321824,0.1364153271741907,0.04145259852608752,0.05687102405293918
python,-0.30762910946693783,-0.22366451146017746,0.19574144028150914,0.33555218064560877,0.30762910946693783,0.22366451146017746,0.19574144028150914,0.33555218064560877
qualifications,-0.011733739509143972,-0.023568330269476846,0.011163950146158152,0.02413811963246873,0.011733739509143972,0.023568330269476846,0.011163950146158152,0.02413811963246873
quality,-0.08591098113239276,0.14898169389772964,0.05788466742574693,-0.12095538019108683,0.08591098113239276,0.14898169389772964,0.05788466742574693,0.12095538019108683
quantitative,-0.09088247843506042,0.18021119503474384,-0.09422532372489856,0.004896607125214361,0.09088247843506042,0.18021119503474384,0.09422532372489856,0.004896607125214361
range,-0.10033453615548636,0.12654534606431964,0.046879858484290375,-0.07309066839312077,0.10033453615548636,0.12654534606431964,0.046879858484290375,0.07309066839312077
real,-0.08893450607559086,-0.014413550691635248,0.0652848646730273,0.03806319209419877,0.08893450607559086,0.014413550691635248,0.0652848646730273,0.03806319209419877
recommendations,0.09294560959522864,-0.040882010310688346,-0.02666172299535311,-0.025401876289185523,0.09294560959522864,0.040882010310688346,0.02666172299535311,0.025401876289185523
record,0.022989614861114616,0.08052346505480454,-0.05301591148484112,-0.050497168431077946,0.022989614861114616,0.08052346505480454,0.05301591148484112,0.050497168431077946
related,0.0801568325193638,-0.06635150523520099,0.02412114507302282,-0.037926472357187296,0.0801568325193638,0.06635150523520099,0.02412114507302282,0.037926472357187296
relationships,0.09991675974452571,0.0042763998008971855,-0.05091013886441606,-0.05328302068100284,0.09991675974452571,0.0042763998008971855,0.05091013886441606,0.05328302068100284
relevant,-0.011591917076778148,0.07267818802966289,-0.015199463758865973,-0.04588680719401698,0.011591917076778148,0.07267818802966289,0.015199463758865973,0.04588680719401698
report,0.4026996296100586,-0.2255667269763968,-0.1033332619531348,-0.07379964068052666,0.4026996296100586,0.2255667269763968,0.1033332619531348,0.07379964068052666
reporting,0.060054555594450394,0.11482952460524357,-0.010957585157808388,-0.16392649504188886,0.060054555594450394,0.11482952460524357,0.010957585157808388,0.16392649504188886
reports,0.021012214201686263,0.16323952932211086,-0.10927362843229331,-0.07497811509149892,0.021012214201686263,0.16323952932211086,0.10927362843229331,0.07497811509149892
required,-0.05464299057177137,0.04791428779920198,-0.001783286823452401,0.00851198959602821,0.05464299057177137,0.04791428779920198,0.001783286823452401,0.00851198959602821
requirements,0.2269795891212418,-0.2090078293446636,0.09981335608503486,-0.11778511586159586,0.2269795891212418,0.2090078293446636,0.09981335608503486,0.11778511586159586
research,-0.08131565165295004,0.03701229545726845,-0.10418967933675208,0.1484930355324361,0.08131565165295004,0.03701229545726845,0.10418967933675208,0.1484930355324361
resources,-0.07795151362491248,0.1544151260063561,-0.04622197597857313,-0.030241636402871593,0.07795151362491248,0.1544151260063561,0.04622197597857313,0.030241636402871593
responsibilities,0.026947100626892085,-0.09631360425813008,0.006354488555557476,0.06301201507568084,0.026947100626892085,0.09631360425813008,0.006354488555557476,0.06301201507568084
responsible,0.0228428424934006,-0.16472506540245094,0.059001477108569296,0.08288074580047854,0.0228428424934006,0.16472506540245094,0.059001477108569296,0.08288074580047854
results,0.008683522983217928,0.00232995013967945,-0.023070914331819858,0.012057441208923913,0.008683522983217928,0.00232995013967945,0.023070914331819858,0.012057441208923913
review,-0.04836290560711914,0.0574112116462476,0.02699485158690553,-0.036043157626034675,0.04836290560711914,0.0574112116462476,0.02699485158690553,0.036043157626034675
right,-0.11271926299021191,0.13396630454009012,0.01463124010127025,-0.035878281651146586,0.11271926299021191,0.13396630454009012,0.01463124010127025,0.035878281651146586
risk,-0.11464436720243867,0.19980408684721956,-0.057850112602045985,-0.02730960704272737,0.11464436720243867,0.19980408684721956,0.057850112602045985,0.02730960704272737
risks,0.0037465632173539353,0.019273291044502018,-0.020294701853131793,-0.0027251524087232616,0.0037465632173539353,0.019273291044502018,0.020294701853131793,0.0027251524087232616
role,0.002824895258670549,0.07910969419715876,-0.06497551835207567,-0.016959071103740512,0.002824895258670549,0.07910969419715876,0.06497551835207567,0.016959071103740512
roles,0.07750509634822024,-0.08003600368755102,0.018807323556441612,-0.01627641621711083,0.07750509634822024,0.08003600368755102,0.018807323556441612,0.01627641621711083
salary,0.008606866599712769,0.044587002793758594,-0.032638280388739074,-0.020555589004728796,0.008606866599712769,0.044587002793758594,0.032638280388739074,0.020555589004728796
scale,-0.004447332610316515,-0.015338968467991274,0.06982207756427106,-0.05003577648596431,0.004447332610316515,0.015338968467991274,0.06982207756427106,0.05003577648596431
science,-0.275898868238011,-0.14982129793380133,-0.07776284061026398,0.5034830067820777,0.275898868238011,0.14982129793380133,0.07776284061026398,0.5034830067820777
scripting,-0.06746320884703562,-0.06781020942319663,0.1819164081464258,-0.04664298987619395,0.06746320884703562,0.06781020942319663,0.1819164081464258,0.04664298987619395
security,0.08002856023357809,-0.05522688378738307,0.0022640444128741856,-0.027065720859067423,0.08002856023357809,0.05522688378738307,0.0022640444128741856,0.027065720859067423
seeking,-0.049183496102583546,0.16127395083920387,0.016990545608249533,-0.12908100034486697,0.049183496102583546,0.16127395083920387,0.016990545608249533,0.12908100034486697
self,-0.0012632726079111296,0.09845279251770267,-0.0796458139787322,-0.017543705931060794,0.0012632726079111296,0.09845279251770267,0.0796458139787322,0.017543705931060794
senior,0.01999546819383594,-0.06511669085136682,0.047367381420837185,-0.0022461587633058923,0.01999546819383594,0.06511669085136682,0.047367381420837185,0.0022461587633058923
service,0.024065192692807838,-0.07403392023389416,0.11370386241570961,-0.06373513487461786,0.024065192692807838,0.07403392023389416,0.11370386241570961,0.06373513487461786
services,0.059571499552636735,0.10215457870051235,-0.08690050506362648,-0.07482557318952182,0.059571499552636735,0.10215457870051235,0.08690050506362648,0.07482557318952182
set,-0.02953786162462071,-0.0005620047496903981,0.025335547427606627,0.004764318946705165,0.02953786162462071,0.0005620047496903981,0.025335547427606627,0.004764318946705165
sexual,0.021332883414986487,-0.01906125473981878,8.756904861843271e-05,-0.0023591977237858767,0.021332883414986487,0.01906125473981878,8.756904861843271e-05,0.0023591977237858767
sexual orientation,0.02658973113048147,-0.009200315646427273,-0.017973655754022214,0.000584240269968309,0.02658973113048147,0.009200315646427273,0.017973655754022214,0.000584240269968309
share,-0.030381332150485576,0.05016796205719164,0.004221837443299786,-0.024008467350001245,0.030381332150485576,0.05016796205719164,0.004221837443299786,0.024008467350001245
similar,-0.06325592483348651,0.03972804252381115,-0.008754195661697842,0.032282077971373245,0.06325592483348651,0.03972804252381115,0.008754195661697842,0.032282077971373245
skills,0.17230822703699306,0.032506826586473664,-0.20003368932707735,-0.0047813642963736025,0.17230822703699306,0.032506826586473664,0.20003368932707735,0.0047813642963736025
skills ability,0.040090005671661495,0.015464884015335394,-0.019017810922373687,-0.036537078764621554,0.040090005671661495,0.015464884015335394,0.019017810922373687,0.036537078764621554
skills experience,-0.17168226884469207,0.048620730167255086,0.08156665678722753,0.04149488189020934,0.17168226884469207,0.048620730167255086,0.08156665678722753,0.04149488189020934
social,0.05257092939147174,-0.030030854938678082,0.01598121527565593,-0.038521289728448746,0.05257092939147174,0.030030854938678082,0.01598121527565593,0.038521289728448746
software,-0.08097673600983554,-0.024689874659219565,0.20308151684353373,-0.09741490617447816,0.08097673600983554,0.024689874659219565,0.20308151684353373,0.09741490617447816
solution,-0.02618664471616129,-0.08463388450096049,-0.036015893186425306,0.14683642240354713,0.02618664471616129,0.08463388450096049,0.036015893186425306,0.14683642240354713
solutions,0.11919314306664974,-0.10483650269475218,0.13163154233057678,-0.14598818270245909,0.11919314306664974,0.10483650269475218,0.13163154233057678,0.14598818270245909
solve,-0.02202548731238781,-0.024468107528720855,0.043584262715773626,0.002909332125337949,0.02202548731238781,0.024468107528720855,0.043584262715773626,0.002909332125337949
solving,-0.04150623222945722,0.007110023055625793,0.03288247996857216,0.0015137292052591026,0.04150623222945722,0.007110023055625793,0.03288247996857216,0.0015137292052591026
sources,-0.07148992798732635,0.08871987057511434,0.034560201732955334,-0.05179014432074347,0.07148992798732635,0.08871987057511434,0.034560201732955334,0.05179014432074347
space,0.04384253877834393,-0.044592993644612396,-0.004100677997976862,0.004851132864247894,0.04384253877834393,0.044592993644612396,0.004100677997976862,0.004851132864247894
spark,-0.04306371224853867,-0.09216108059085006,0.1203937496322165,0.01483104320717383,0.04306371224853867,0.09216108059085006,0.1203937496322165,0.01483104320717383
specifications,0.12144828945252702,-0.04052943213218749,-0.031124147790879013,-0.04979470952946073,0.12144828945252702,0.04052943213218749,0.031124147790879013,0.04979470952946073
sql,0.0324216981253204,-0.010471202289326428,0.04017432500439206,-0.062124820840383364,0.0324216981253204,0.010471202289326428,0.04017432500439206,0.062124820840383364
staff,-0.007805870916675721,-0.00947815179805369,-0.0251219282702332,0.042405950984964885,0.007805870916675721,0.00947815179805369,0.0251219282702332,0.042405950984964885
stakeholder,0.17668282999561846,-0.11548902777326163,-0.04530760132243158,-0.01588620089992461,0.17668282999561846,0.11548902777326163,0.04530760132243158,0.01588620089992461
stakeholders,0.0892676076503571,0.07608942897746053,-0.048720015298493215,-0.11663702132931549,0.0892676076503571,0.07608942897746053,0.048720015298493215,0.11663702132931549
standard,0.00992556744297531,0.06103718031933371,-0.0005584728440393965,-0.0704042749182681,0.00992556744297531,0.06103718031933371,0.0005584728440393965,0.0704042749182681
standards,-0.1612247772530622,0.2158874851674979,-0.04249327490206428,-0.012169433012373665,0.1612247772530622,0.2158874851674979,0.04249327490206428,0.012169433012373665
start,-0.13317771137329984,0.07077749960652178,0.03359579068748439,0.028804421079293676,0.13317771137329984,0.07077749960652178,0.03359579068748439,0.028804421079293676
statistical,-0.10270947094594494,0.032326012270513946,-0.15231083038239604,0.22269428905782504,0.10270947094594494,0.032326012270513946,0.15231083038239604,0.22269428905782504
statistics,-0.10917834033110604,0.05121314510683605,-0.07315442351234926,0.13111961873662106,0.10917834033110604,0.05121314510683605,0.07315442351234926,0.13111961873662106
status,-0.032206954143912996,0.09651805165597349,-0.051411427799443084,-0.012899669712616309,0.032206954143912996,0.09651805165597349,0.051411427799443084,0.012899669712616309
strategic,-0.03638712984092355,0.10928019341855838,-0.013506656826236555,-0.0593864067513973,0.03638712984092355,0.10928019341855838,0.013506656826236555,0.0593864067513973
strategies,-0.12459587674439154,0.1165928441763434,-0.025901264703429128,0.03390429727147811,0.12459587674439154,0.1165928441763434,0.025901264703429128,0.03390429727147811
strategy,-0.10582480669692249,-0.14551885201643133,0.17082362190539493,0.08052003680795983,0.10582480669692249,0.14551885201643133,0.17082362190539493,0.08052003680795983
strong,0.17558436312385295,-0.16646945513549272,-0.1632464023176889,0.15413149432933057,0.17558436312385295,0.16646945513549272,0.1632464023176889,0.15413149432933057
success,-0.03369953205830243,0.07954949221500036,-0.08442724365634567,0.03857728349964805,0.03369953205830243,0.07954949221500036,0.08442724365634567,0.03857728349964805
successful,0.07473228734661959,-0.017498345912016964,-0.058475191240914784,0.001241249806311945,0.07473228734661959,0.017498345912016964,0.058475191240914784,0.001241249806311945
support,0.04155624126035038,-0.2712675952181654,0.18259853753695596,0.047112816420862784,0.04155624126035038,0.2712675952181654,0.18259853753695596,0.047112816420862784
supporting,0.06494564701140923,-0.009341843935323396,-0.04774192648333222,-0.007861876592752363,0.06494564701140923,0.009341843935323396,0.04774192648333222,0.007861876592752363
sydney,0.18524462029487584,-0.20694158606644128,-0.08916398431006332,0.11086095008162959,0.18524462029487584,0.20694158606644128,0.08916398431006332,0.11086095008162959
systems,-0.1428076905752305,0.11884302147826317,0.13538345258338008,-0.11141878348640993,0.1428076905752305,0.11884302147826317,0.13538345258338008,0.11141878348640993
tableau,0.13966868380963185,-0.11813250357244273,0.010427192497546018,-0.03196337273473714,0.13966868380963185,0.11813250357244273,0.010427192497546018,0.03196337273473714
team,-0.0032507185918001723,-0.06367788017083664,-0.019958293802622873,0.08688689256528109,0.0032507185918001723,0.06367788017083664,0.019958293802622873,0.08688689256528109
team members,-0.006289367162724964,-0.030241083227046658,0.01616193886995968,0.02036851151981584,0.006289367162724964,0.030241083227046658,0.01616193886995968,0.02036851151981584
teams,-0.1263436870690286,0.19495490649272768,-0.06071312444382141,-0.007898094979868236,0.1263436870690286,0.19495490649272768,0.06071312444382141,0.007898094979868236
technical,0.03839934240305832,0.0893828016911297,-0.09309905037860561,-0.03468309371558133,0.03839934240305832,0.0893828016911297,0.09309905037860561,0.03468309371558133
techniques,-0.09182207682335718,-0.25098540036621725,-0.018448611705632157,0.36125608889521293,0.09182207682335718,0.25098540036621725,0.018448611705632157,0.36125608889521293
technologies,-0.0921571745418117,0.05012658932255449,0.0678886249011284,-0.025858039681868398,0.0921571745418117,0.05012658932255449,0.0678886249011284,0.025858039681868398
technology,0.018246682944891877,-0.01404885922419689,0.037790945854790745,-0.04198876957547873,0.018246682944891877,0.01404885922419689,0.037790945854790745,0.04198876957547873
term,0.02493714471967714,0.00608259594499275,-0.04284377244054977,0.011824031775881812,0.02493714471967714,0.00608259594499275,0.04284377244054977,0.011824031775881812
tertiary,0.046985816204095615,-0.02900786319911032,-0.004456727369001697,-0.013521225635979149,0.046985816204095615,0.02900786319911032,0.004456727369001697,0.013521225635979149
test,-0.0816373905440522,0.19399848759540658,-0.06274416278879294,-0.04961693426256235,0.0816373905440522,0.19399848759540658,0.06274416278879294,0.04961693426256235
testing,-0.009685879867318252,0.02919146964824687,-0.03584210263188845,0.016336512850970163,0.009685879867318252,0.02919146964824687,0.03584210263188845,0.016336512850970163
things,-0.06623872202639469,0.13865126383637869,-0.028653865029387122,-0.04375867678059888,0.06623872202639469,0.13865126383637869,0.028653865029387122,0.04375867678059888
thinking,0.0466392099720156,-0.1001463858858965,-0.03694817369319567,0.09045534960708515,0.0466392099720156,0.1001463858858965,0.03694817369319567,0.09045534960708515
time,0.09972178862718392,-0.30681757208123533,-0.10264466504775753,0.3097404485018141,0.09972178862718392,0.30681757208123533,0.10264466504775753,0.3097404485018141
tools,-0.11728624782103844,0.05029120315228492,0.20356870371850913,-0.13657365904975446,0.11728624782103844,0.05029120315228492,0.20356870371850913,0.13657365904975446
track,-0.04850331148719971,0.06714481161043734,0.005416266391537012,-0.024057766514775102,0.04850331148719971,0.06714481161043734,0.005416266391537012,0.024057766514775102
training,0.05453791730825595,0.05449276328496852,-0.04289140066233404,-0.06613927993087958,0.05453791730825595,0.05449276328496852,0.04289140066233404,0.06613927993087958
transform,-0.007621404077979965,-0.02898445935743107,0.008875933796534808,0.027729929638876733,0.007621404077979965,0.02898445935743107,0.008875933796534808,0.027729929638876733
transformation,0.027465115478859523,-0.031073204703474726,0.047166581454915084,-0.043558492230298645,0.027465115478859523,0.031073204703474726,0.047166581454915084,0.043558492230298645
travel,-0.03386732158609347,0.09318840318708978,-0.04534195165240951,-0.01397912994858699,0.03386732158609347,0.09318840318708978,0.04534195165240951,0.01397912994858699
trends,-0.10264769453261215,0.12436485992865863,-0.09415197686238938,0.07243481146634165,0.10264769453261215,0.12436485992865863,0.09415197686238938,0.07243481146634165
type,-0.02690065953212706,0.07278410465527117,-0.00012009296655252198,-0.045763352156589485,0.02690065953212706,0.07278410465527117,0.00012009296655252198,0.045763352156589485
understand,-0.002046001649665519,0.05812797411095091,-0.06509117903664194,0.009009206575353954,0.002046001649665519,0.05812797411095091,0.06509117903664194,0.009009206575353954
understanding,-0.04182362522704732,-0.0007522328159410651,-0.06980782193316645,0.11238367997615419,0.04182362522704732,0.0007522328159410651,0.06980782193316645,0.11238367997615419
unique,-0.05581424006607313,0.15731129199663396,-0.04554377326282704,-0.055953278667734856,0.05581424006607313,0.15731129199663396,0.04554377326282704,0.055953278667734856
use,-0.013850352416257832,-0.030343304256428873,-0.11993882223257593,0.16413247890526342,0.013850352416257832,0.030343304256428873,0.11993882223257593,0.16413247890526342
user,0.07600467990927501,-0.14210287328165822,0.048694021756940306,0.017404171615456283,0.07600467990927501,0.14210287328165822,0.048694021756940306,0.017404171615456283
users,0.06076854284523202,0.021935000372147014,-0.06758776209304414,-0.015115781124334357,0.06076854284523202,0.021935000372147014,0.06758776209304414,0.015115781124334357
using,-0.20021352237136053,0.07200190585463355,0.05016740300039681,0.07804421351633084,0.20021352237136053,0.07200190585463355,0.05016740300039681,0.07804421351633084
value,-0.05153009954742335,-0.020373204992655398,0.01255241792667479,0.059350886613404694,0.05153009954742335,0.020373204992655398,0.01255241792667479,0.059350886613404694
values,-0.03984435552554825,-0.030613340406973392,0.010828732365368035,0.05962896356715671,0.03984435552554825,0.030613340406973392,0.010828732365368035,0.05962896356715671
variety,0.005195051478298077,-0.008083786956860616,0.02007452780066084,-0.017185792322097156,0.005195051478298077,0.008083786956860616,0.02007452780066084,0.017185792322097156
various,0.0771958529126419,-0.10307438672901312,-0.03225245004298602,0.0581309838593616,0.0771958529126419,0.10307438672901312,0.03225245004298602,0.0581309838593616
verbal,0.04049147627418595,-0.07688323841019538,0.015202170206397941,0.021189591929615264,0.04049147627418595,0.07688323841019538,0.015202170206397941,0.021189591929615264
visualisation,0.044119026035333776,0.10039108335766424,-0.17582296487719085,0.031312855484193325,0.044119026035333776,0.10039108335766424,0.17582296487719085,0.031312855484193325
want,-0.061637217146374365,0.14300692231607706,-0.07641847374207064,-0.004951231427632714,0.061637217146374365,0.14300692231607706,0.07641847374207064,0.004951231427632714
way,0.034659455209953505,-0.0344169217083568,-0.0296074531628628,0.02936491966127087,0.034659455209953505,0.0344169217083568,0.0296074531628628,0.02936491966127087
ways,0.01683483505203384,0.028129265726997518,-0.02479805095741794,-0.020166049821614022,0.01683483505203384,0.028129265726997518,0.02479805095741794,0.020166049821614022
whilst,0.00794927375213893,-0.007435734305506258,-0.039675689812639504,0.03916215036600879,0.00794927375213893,0.007435734305506258,0.039675689812639504,0.03916215036600879
wide,0.08972759322951403,-0.06260557088263916,0.006435193274004686,-0.03355721562087826,0.08972759322951403,0.06260557088263916,0.006435193274004686,0.03355721562087826
work,0.02308885245686347,-0.14836505320359078,0.1490264464260714,-0.02375024567931937,0.02308885245686347,0.14836505320359078,0.1490264464260714,0.02375024567931937
work closely,-0.03426366928085292,0.017614746604631193,0.017011943677185698,-0.0003630210009607519,0.03426366928085292,0.017614746604631193,0.017011943677185698,0.0003630210009607519
workforce,-0.049586215392523045,0.1898030582487538,-0.04861938619224968,-0.09159745666397946,0.049586215392523045,0.1898030582487538,0.04861938619224968,0.09159745666397946
working,-0.02210037388139158,0.023153578953591113,-0.012005917428883775,0.010952712356702976,0.02210037388139158,0.023153578953591113,0.012005917428883775,0.010952712356702976
workplace,0.12443994521195184,-0.04902414874817127,-0.012672489875365461,-0.06274330658841483,0.12443994521195184,0.04902414874817127,0.012672489875365461,0.06274330658841483
world,-0.09196236760344381,0.05150023255529553,-0.014257148900547164,0.054719283948698724,0.09196236760344381,0.05150023255529553,0.014257148900547164,0.054719283948698724
writing,0.19803591042470106,-0.1485642607003951,-0.017839580592437874,-0.031632069131868425,0.19803591042470106,0.1485642607003951,0.017839580592437874,0.031632069131868425
written,0.06105913954700165,-0.05925875454881083,-0.028921887675767022,0.02712150267758171,0.06105913954700165,0.05925875454881083,0.028921887675767022,0.02712150267758171
www,0.016592159758779403,-0.07728387021465881,0.030379348687267136,0.030312361768612565,0.016592159758779403,0.07728387021465881,0.030379348687267136,0.030312361768612565
year,0.027925527209463525,-0.0649418629110849,0.006925740357988253,0.030090595343637682,0.027925527209463525,0.0649418629110849,0.006925740357988253,0.030090595343637682
years,0.235862173584631,-0.23013982750228218,0.04131666658494921,-0.04703901266729427,0.235862173584631,0.23013982750228218,0.04131666658494921,0.04703901266729427
years experience,0.1953825458479041,-0.016248009547604705,-0.04927180836944484,-0.12986272793085168,0.1953825458479041,0.016248009547604705,0.04927180836944484,0.12986272793085168
